type,title,folder_name,url,folder_path,parent_folder
category,Kinh Đại Thừa,KINH DAI THUA,http://thaohoiam.vn/chuyen-muc/kinh-dai-thua/,THICH_TU_THONG\KINH DAI THUA,THICH_TU_THONG
category,8 bộ kinh Đại Thừa,8 BO KINH DAI THUA,http://thaohoiam.vn/chuyen-muc/kinh-dai-thua/8-bo-kinh-dai-thua/,THICH_TU_THONG\KINH DAI THUA\8 BO KINH DAI THUA,THICH_TU_THONG\KINH DAI THUA
post,Bát Nhã Ba La Mật Kinh,BAT NHA BA LA MAT KINH,http://thaohoiam.vn/bat-nha-ba-la-mat-kinh/,THICH_TU_THONG\KINH DAI THUA\8 BO KINH DAI THUA\BAT NHA BA LA MAT KINH,THICH_TU_THONG\KINH DAI THUA\8 BO KINH DAI THUA
post,Bát Nhã Đạo Tràng,BAT NHA DAO TRANG,http://thaohoiam.vn/dao-trang-bat-nha/,THICH_TU_THONG\KINH DAI THUA\8 BO KINH DAI THUA\BAT NHA DAO TRANG,THICH_TU_THONG\KINH DAI THUA\8 BO KINH DAI THUA
post,Chứng Đạo Ca,CHUNG DAO CA,http://thaohoiam.vn/chung-dao-ca/,THICH_TU_THONG\KINH DAI THUA\8 BO KINH DAI THUA\CHUNG DAO CA,THICH_TU_THONG\KINH DAI THUA\8 BO KINH DAI THUA
post,Duy Ma Cật kinh,DUY MA CAT KINH,http://thaohoiam.vn/duy-ma-cat-kinh/,THICH_TU_THONG\KINH DAI THUA\8 BO KINH DAI THUA\DUY MA CAT KINH,THICH_TU_THONG\KINH DAI THUA\8 BO KINH DAI THUA
post,Duy Thức Học,DUY THUC HOC,http://thaohoiam.vn/duy-thuc-hoc/,THICH_TU_THONG\KINH DAI THUA\8 BO KINH DAI THUA\DUY THUC HOC,THICH_TU_THONG\KINH DAI THUA\8 BO KINH DAI THUA
post,Đại Bát Niết Bàn kinh,DAI BAT NIET BAN KINH,http://thaohoiam.vn/dai-bat-niet-ban-kinh/,THICH_TU_THONG\KINH DAI THUA\8 BO KINH DAI THUA\DAI BAT NIET BAN KINH,THICH_TU_THONG\KINH DAI THUA\8 BO KINH DAI THUA
post,Như Lai Viên Giác kinh,NHU LAI VIEN GIAC KINH,http://thaohoiam.vn/nhu-lai-vien-giac-kinh/,THICH_TU_THONG\KINH DAI THUA\8 BO KINH DAI THUA\NHU LAI VIEN GIAC KINH,THICH_TU_THONG\KINH DAI THUA\8 BO KINH DAI THUA
post,Pháp Hoa kinh,PHAP HOA KINH,http://thaohoiam.vn/phap-hoa-kinh/,THICH_TU_THONG\KINH DAI THUA\8 BO KINH DAI THUA\PHAP HOA KINH,THICH_TU_THONG\KINH DAI THUA\8 BO KINH DAI THUA
post,Thủ Lăng Nghiêm kinh,THU LANG NGHIEM KINH,http://thaohoiam.vn/thu-lang-nghiem-kinh/,THICH_TU_THONG\KINH DAI THUA\8 BO KINH DAI THUA\THU LANG NGHIEM KINH,THICH_TU_THONG\KINH DAI THUA\8 BO KINH DAI THUA
category,Phật Học Vấn Đáp,PHAT HOC VAN DAP,http://thaohoiam.vn/chuyen-muc/kinh-dai-thua/trich-doan-8-bo-kinh/,THICH_TU_THONG\KINH DAI THUA\PHAT HOC VAN DAP,THICH_TU_THONG\KINH DAI THUA
post,Suy Gẫm,SUY GAM,http://thaohoiam.vn/suy-gam/,THICH_TU_THONG\KINH DAI THUA\PHAT HOC VAN DAP\SUY GAM,THICH_TU_THONG\KINH DAI THUA\PHAT HOC VAN DAP
post,Vấn Đáp Bát Nhã Ba La Mật kinh,VAN DAP BAT NHA BA LA MAT KINH,http://thaohoiam.vn/bat-nha-ba-la-mat-kinh-2/,THICH_TU_THONG\KINH DAI THUA\PHAT HOC VAN DAP\VAN DAP BAT NHA BA LA MAT KINH,THICH_TU_THONG\KINH DAI THUA\PHAT HOC VAN DAP
post,Vấn Đáp Bát Nhã Đạo Tràng,VAN DAP BAT NHA DAO TRANG,http://thaohoiam.vn/van-dap-dao-trang-bat-nha/,THICH_TU_THONG\KINH DAI THUA\PHAT HOC VAN DAP\VAN DAP BAT NHA DAO TRANG,THICH_TU_THONG\KINH DAI THUA\PHAT HOC VAN DAP
post,Vấn Đáp Chứng Đạo Ca,VAN DAP CHUNG DAO CA,http://thaohoiam.vn/van-dap-chung-dao-ca/,THICH_TU_THONG\KINH DAI THUA\PHAT HOC VAN DAP\VAN DAP CHUNG DAO CA,THICH_TU_THONG\KINH DAI THUA\PHAT HOC VAN DAP
post,Vấn đáp Duy Ma cật kinh,VAN DAP DUY MA CAT KINH,http://thaohoiam.vn/van-dap-duy-ma-cat-kinh/,THICH_TU_THONG\KINH DAI THUA\PHAT HOC VAN DAP\VAN DAP DUY MA CAT KINH,THICH_TU_THONG\KINH DAI THUA\PHAT HOC VAN DAP
post,Vấn Đáp Duy Thức Học,VAN DAP DUY THUC HOC,http://thaohoiam.vn/duy-thuc-hoc-2/,THICH_TU_THONG\KINH DAI THUA\PHAT HOC VAN DAP\VAN DAP DUY THUC HOC,THICH_TU_THONG\KINH DAI THUA\PHAT HOC VAN DAP
post,Vấn đáp Đại Bát Niết Bàn kinh tập 1,VAN DAP DAI BAT NIET BAN KINH TAP 1,http://thaohoiam.vn/van-dap-dai-bat-niet-ban-kinh-tap-1/,THICH_TU_THONG\KINH DAI THUA\PHAT HOC VAN DAP\VAN DAP DAI BAT NIET BAN KINH TAP 1,THICH_TU_THONG\KINH DAI THUA\PHAT HOC VAN DAP
post,Vấn đáp Đại Bát Niết Bàn kinh tập 2,VAN DAP DAI BAT NIET BAN KINH TAP 2,http://thaohoiam.vn/dai-bat-niet-ban-kinh-2/,THICH_TU_THONG\KINH DAI THUA\PHAT HOC VAN DAP\VAN DAP DAI BAT NIET BAN KINH TAP 2,THICH_TU_THONG\KINH DAI THUA\PHAT HOC VAN DAP
post,Vấn đáp HD Tăng Ni tại trường Phật Học Tp. HCM,VAN DAP HD TANG NI TAI TRUONG PHAT HOC TP HCM,http://thaohoiam.vn/van-dap-bai-giang-tang-ni-tai-truong-ph-tp-hcm/,THICH_TU_THONG\KINH DAI THUA\PHAT HOC VAN DAP\VAN DAP HD TANG NI TAI TRUONG PHAT HOC TP HCM,THICH_TU_THONG\KINH DAI THUA\PHAT HOC VAN DAP
post,Vấn đáp Như Huyễn Thiền Sư thi tập,VAN DAP NHU HUYEN THIEN SU THI TAP,http://thaohoiam.vn/van-dap-nhu-huyen-thien-su-thi-tap/,THICH_TU_THONG\KINH DAI THUA\PHAT HOC VAN DAP\VAN DAP NHU HUYEN THIEN SU THI TAP,THICH_TU_THONG\KINH DAI THUA\PHAT HOC VAN DAP
post,Vấn đáp Như Lai Viên Giác kinh,VAN DAP NHU LAI VIEN GIAC KINH,http://thaohoiam.vn/van-dap-nhu-lai-vien-giac-kinh/,THICH_TU_THONG\KINH DAI THUA\PHAT HOC VAN DAP\VAN DAP NHU LAI VIEN GIAC KINH,THICH_TU_THONG\KINH DAI THUA\PHAT HOC VAN DAP
post,Vấn Đáp Pháp Hoa kinh,VAN DAP PHAP HOA KINH,http://thaohoiam.vn/phap-hoa-kinh-2/,THICH_TU_THONG\KINH DAI THUA\PHAT HOC VAN DAP\VAN DAP PHAP HOA KINH,THICH_TU_THONG\KINH DAI THUA\PHAT HOC VAN DAP
post,Vấn Đáp Thủ Lăng Nghiêm kinh,VAN DAP THU LANG NGHIEM KINH,http://thaohoiam.vn/thu-lang-nghiem-kinh-2/,THICH_TU_THONG\KINH DAI THUA\PHAT HOC VAN DAP\VAN DAP THU LANG NGHIEM KINH,THICH_TU_THONG\KINH DAI THUA\PHAT HOC VAN DAP
post,Vấn Đáp-Các bài giảng trường hạ,VAN DAP CAC BAI GIANG TRUONG HA,http://thaohoiam.vn/van-dap-cac-bai-giang-truong-ha/,THICH_TU_THONG\KINH DAI THUA\PHAT HOC VAN DAP\VAN DAP CAC BAI GIANG TRUONG HA,THICH_TU_THONG\KINH DAI THUA\PHAT HOC VAN DAP
category,Các bài giảng khác,CAC BAI GIANG KHAC,http://thaohoiam.vn/chuyen-muc/kinh-dai-thua/cac-bai-giang-khac/,THICH_TU_THONG\KINH DAI THUA\CAC BAI GIANG KHAC,THICH_TU_THONG\KINH DAI THUA
post,A Di Đà kinh,A DI DA KINH,http://thaohoiam.vn/a-di-da-kinh/,THICH_TU_THONG\KINH DAI THUA\CAC BAI GIANG KHAC\A DI DA KINH,THICH_TU_THONG\KINH DAI THUA\CAC BAI GIANG KHAC
post,Bài Giảng Tăng Ni 2014 tại Trường PH Tp. HCM,BAI GIANG TANG NI 2014 TAI TRUONG PH TP HCM,http://thaohoiam.vn/bai-giang-tang-ni-2014-tai-truong-ph-tp-hcm/,THICH_TU_THONG\KINH DAI THUA\CAC BAI GIANG KHAC\BAI GIANG TANG NI 2014 TAI TRUONG PH TP HCM,THICH_TU_THONG\KINH DAI THUA\CAC BAI GIANG KHAC
post,Bát Đại Nhân Giác kinh,BAT DAI NHAN GIAC KINH,http://thaohoiam.vn/bat-dai-nhan-giac-kinh/,THICH_TU_THONG\KINH DAI THUA\CAC BAI GIANG KHAC\BAT DAI NHAN GIAC KINH,THICH_TU_THONG\KINH DAI THUA\CAC BAI GIANG KHAC
post,Đại Thừa Vô Lượng Nghĩa kinh,DAI THUA VO LUONG NGHIA KINH,http://thaohoiam.vn/dai-thua-vo-luong-nghia-kinh/,THICH_TU_THONG\KINH DAI THUA\CAC BAI GIANG KHAC\DAI THUA VO LUONG NGHIA KINH,THICH_TU_THONG\KINH DAI THUA\CAC BAI GIANG KHAC
post,Địa Tạng ( Trích NHTS thi tập),DIA TANG TRICH NHTS THI TAP,http://thaohoiam.vn/dia-tang-trich-nhu-huyen-thien-su-thi-tap/,THICH_TU_THONG\KINH DAI THUA\CAC BAI GIANG KHAC\DIA TANG TRICH NHTS THI TAP,THICH_TU_THONG\KINH DAI THUA\CAC BAI GIANG KHAC
post,HDTH tại trường Phật học TP.HCM,HDTH TAI TRUONG PHAT HOC TP HCM,http://thaohoiam.vn/cac-bai-giang-chua-thien-minh/,THICH_TU_THONG\KINH DAI THUA\CAC BAI GIANG KHAC\HDTH TAI TRUONG PHAT HOC TP HCM,THICH_TU_THONG\KINH DAI THUA\CAC BAI GIANG KHAC
post,Lời Nhắc Nhở Học Phật tại Trường PH Tp HCM,LOI NHAC NHO HOC PHAT TAI TRUONG PH TP HCM,http://thaohoiam.vn/loi-nhac-nho-hoc-phat-tai-truong-ph-tp-hcm/,THICH_TU_THONG\KINH DAI THUA\CAC BAI GIANG KHAC\LOI NHAC NHO HOC PHAT TAI TRUONG PH TP HCM,THICH_TU_THONG\KINH DAI THUA\CAC BAI GIANG KHAC
post,Ngày xuân suy gẫm,NGAY XUAN SUY GAM,http://thaohoiam.vn/xuan-suy-ngam/,THICH_TU_THONG\KINH DAI THUA\CAC BAI GIANG KHAC\NGAY XUAN SUY GAM,THICH_TU_THONG\KINH DAI THUA\CAC BAI GIANG KHAC
post,Ngũ Thừa Phật Giáo,NGU THUA PHAT GIAO,http://thaohoiam.vn/ngu-thua-phat-giao/,THICH_TU_THONG\KINH DAI THUA\CAC BAI GIANG KHAC\NGU THUA PHAT GIAO,THICH_TU_THONG\KINH DAI THUA\CAC BAI GIANG KHAC
post,Quán Thế Âm (Trích NHTS thi tập),QUAN THE AM TRICH NHTS THI TAP,http://thaohoiam.vn/quan-the-am-trich-nhu-huyen-thien-su-thi-tap-2/,THICH_TU_THONG\KINH DAI THUA\CAC BAI GIANG KHAC\QUAN THE AM TRICH NHTS THI TAP,THICH_TU_THONG\KINH DAI THUA\CAC BAI GIANG KHAC
post,Quy Sơn Cảnh Sách,QUY SON CANH SACH,http://thaohoiam.vn/quy-son-canh-sach-3/,THICH_TU_THONG\KINH DAI THUA\CAC BAI GIANG KHAC\QUY SON CANH SACH,THICH_TU_THONG\KINH DAI THUA\CAC BAI GIANG KHAC
post,Tam Bảo Học,TAM BAO HOC,http://thaohoiam.vn/thap-nhi-nhan-duyen/,THICH_TU_THONG\KINH DAI THUA\CAC BAI GIANG KHAC\TAM BAO HOC,THICH_TU_THONG\KINH DAI THUA\CAC BAI GIANG KHAC
post,Tứ Diệu Đế (Trích NTCT 3),TU DIEU DE TRICH NTCT 3,http://thaohoiam.vn/tu-dieu-de-trich-ngon-tay-chi-trang-3/,THICH_TU_THONG\KINH DAI THUA\CAC BAI GIANG KHAC\TU DIEU DE TRICH NTCT 3,THICH_TU_THONG\KINH DAI THUA\CAC BAI GIANG KHAC
post,Tu Phước - Tu Tuệ,TU PHUOC TU TUE,http://thaohoiam.vn/tu-phuoc-tu-tue/,THICH_TU_THONG\KINH DAI THUA\CAC BAI GIANG KHAC\TU PHUOC TU TUE,THICH_TU_THONG\KINH DAI THUA\CAC BAI GIANG KHAC
post,Tứ Thánh Đế (Trích ĐBNB kinh),TU THANH DE TRICH DBNB KINH,http://thaohoiam.vn/tu-thanh-de-trich-dai-bat-niet-ban-kinh/,THICH_TU_THONG\KINH DAI THUA\CAC BAI GIANG KHAC\TU THANH DE TRICH DBNB KINH,THICH_TU_THONG\KINH DAI THUA\CAC BAI GIANG KHAC
post,Tứ Thập Nhị Chương,TU THAP NHI CHUONG,http://thaohoiam.vn/quy-son-canh-sach/,THICH_TU_THONG\KINH DAI THUA\CAC BAI GIANG KHAC\TU THAP NHI CHUONG,THICH_TU_THONG\KINH DAI THUA\CAC BAI GIANG KHAC
post,Vấn đề sanh tử,VAN DE SANH TU,http://thaohoiam.vn/van-de-sinh-tu/,THICH_TU_THONG\KINH DAI THUA\CAC BAI GIANG KHAC\VAN DE SANH TU,THICH_TU_THONG\KINH DAI THUA\CAC BAI GIANG KHAC
post,Xử lý vấn đề sanh tử,XU LY VAN DE SANH TU,http://thaohoiam.vn/xu-ly-van-de-sanh-tu/,THICH_TU_THONG\KINH DAI THUA\CAC BAI GIANG KHAC\XU LY VAN DE SANH TU,THICH_TU_THONG\KINH DAI THUA\CAC BAI GIANG KHAC
post,Ý Nghĩa Tam Giới Trong Đạo Phật,Y NGHIA TAM GIOI TRONG DAO PHAT,http://thaohoiam.vn/y-nghia-tam-gioi-trong-dao-phat/,THICH_TU_THONG\KINH DAI THUA\CAC BAI GIANG KHAC\Y NGHIA TAM GIOI TRONG DAO PHAT,THICH_TU_THONG\KINH DAI THUA\CAC BAI GIANG KHAC
post,Các Bài Giảng Trường Hạ,CAC BAI GIANG TRUONG HA,http://thaohoiam.vn/cac-bai-giang-truong-ha/,THICH_TU_THONG\KINH DAI THUA\CAC BAI GIANG TRUONG HA,THICH_TU_THONG\KINH DAI THUA
